Date,Sales
06/01/2019,2573.82
06/01/2019,755.96
06/01/2019,391.98
07/01/2019,76.728
09/01/2019,31.2
10/01/2019,51.94
11/01/2019,9.94
13/01/2019,333.999
13/01/2019,545.94
13/01/2019,646.74
14/01/2019,61.96
15/01/2019,149.95
16/01/2019,127.104
16/01/2019,124.2
19/01/2019,181.47
20/01/2019,699.93
21/01/2019,25.248
21/01/2019,24.3
21/01/2019,9.48
21/01/2019,31.4
21/01/2019,209.5
26/01/2019,141.96
26/01/2019,12.42
26/01/2019,62.82
26/01/2019,187.98
26/01/2019,155.35
27/01/2019,333
31/01/2019,290.666
01/02/2019,468.9
02/02/2019,180.96
06/02/2019,144.95
06/02/2019,161.61
07/02/2019,115.36
11/02/2019,234.45
12/02/2019,129.568
14/02/2019,239.97
18/02/2019,25.16
20/02/2019,20.32
20/02/2019,62.31
01/03/2019,5.94
02/03/2019,151.2
03/03/2019,302.45
03/03/2019,626.352
03/03/2019,9.99
07/03/2019,436.704
07/03/2019,48.712
07/03/2019,481.568
11/03/2019,32.96
11/03/2019,587.97
13/03/2019,915.14
13/03/2019,327.76
14/03/2019,1139.92
14/03/2019,82.8
14/03/2019,574.91
15/03/2019,45.696
16/03/2019,471.92
17/03/2019,1071.576
17/03/2019,1579.746
17/03/2019,613.908
18/03/2019,1198.33
18/03/2019,122.352
18/03/2019,30.768
18/03/2019,111
18/03/2019,1279.968
18/03/2019,22638.48
18/03/2019,821.3
19/03/2019,20.016
19/03/2019,4.992
19/03/2019,170.24
19/03/2019,323.976
21/03/2019,218.376
21/03/2019,32.952
22/03/2019,314.352
23/03/2019,604.752
24/03/2019,40.48
25/03/2019,366.786
26/03/2019,66.3
26/03/2019,28.784
28/03/2019,330.588
28/03/2019,1184.72
28/03/2019,302.376
29/03/2019,890.841
30/03/2019,205.666
30/03/2019,127.302
30/03/2019,251.944
31/03/2019,1125.488
31/03/2019,79.984
02/04/2019,177.68
02/04/2019,1049.93
03/04/2019,159.98
03/04/2019,62.31
04/04/2019,5.47
04/04/2019,99.98
05/04/2019,28.99
06/04/2019,91.96
06/04/2019,33.11
06/04/2019,653.55
06/04/2019,154.764
06/04/2019,33.9
06/04/2019,299.97
06/04/2019,116.784
07/04/2019,8.96
07/04/2019,629.95
07/04/2019,200.97
08/04/2019,1215.92
08/04/2019,99.592
08/04/2019,172.11
08/04/2019,399.96
11/04/2019,335.944
11/04/2019,383.976
11/04/2019,217.44
11/04/2019,105.584
11/04/2019,758.352
12/04/2019,308.499
12/04/2019,438.368
12/04/2019,1075.088
13/04/2019,71.928
15/04/2019,187.76
18/04/2019,317.058
18/04/2019,227.976
18/04/2019,287.968
19/04/2019,76.14
20/04/2019,59.92
20/04/2019,744.1
20/04/2019,401.59
25/04/2019,1487.04
25/04/2019,303.25
25/04/2019,302.376
26/04/2019,230.28
28/04/2019,1679.96
29/04/2019,561.584
25/05/2019,29.32
26/05/2019,290.666
26/05/2019,225.296
26/05/2019,359.772
26/05/2019,201.584
26/05/2019,83.984
27/05/2019,567.12
27/05/2019,99.99
27/05/2019,1113.504
28/05/2019,27.6
28/05/2019,57.408
30/05/2019,355.455
30/05/2019,719.976
30/05/2019,464
31/05/2019,113.73
31/05/2019,659.97
01/06/2019,2001.86
01/06/2019,22.2
01/06/2019,881.93
02/06/2019,73.32
02/06/2019,239.97
03/06/2019,61.544
03/06/2019,515.88
04/06/2019,353.568
04/06/2019,13.96
04/06/2019,56.96
06/06/2019,991.764
07/06/2019,268.935
08/06/2019,170.352
08/06/2019,585.552
09/06/2019,48.86
09/06/2019,37.4
09/06/2019,1706.184
09/06/2019,1441.3
09/06/2019,63.984
09/06/2019,7.992
09/06/2019,911.424
09/06/2019,907.152
14/06/2019,212.94
15/06/2019,797.944
15/06/2019,99.918
16/06/2019,647.84
17/06/2019,6.24
17/06/2019,65.97
18/06/2019,139.8
20/06/2019,193.0656
20/06/2019,418.8
20/06/2019,201.584
21/06/2019,3.984
21/06/2019,104.01
21/06/2019,95.968
21/06/2019,206.991
21/06/2019,1214.85
21/06/2019,284.82
21/06/2019,617.97
21/06/2019,1322.93
22/06/2019,853.93
22/06/2019,170.058
22/06/2019,196.752
22/06/2019,82.782
23/06/2019,86.376
24/06/2019,4.272
25/06/2019,447.84
25/06/2019,263.96
27/06/2019,85.98
27/06/2019,223.96
28/06/2019,1228.465
01/07/2019,575.92
02/07/2019,73.98
05/07/2019,19.52
05/07/2019,213.216
05/07/2019,479.97
06/07/2019,478.48
06/07/2019,559.992
07/07/2019,172.186
07/07/2019,69.008
08/07/2019,63.882
08/07/2019,502.488
09/07/2019,119.833
11/07/2019,854.94
11/07/2019,124.11
11/07/2019,575.968
11/07/2019,197.97
11/07/2019,164.85
12/07/2019,123.136
12/07/2019,512.358
12/07/2019,698.352
12/07/2019,23.84
12/07/2019,255.936
13/07/2019,351.216
14/07/2019,31.984
14/07/2019,38.272
14/07/2019,13.494
14/07/2019,23.988
15/07/2019,2.97
18/07/2019,259.136
19/07/2019,70.56
19/07/2019,359.98
20/07/2019,981.372
20/07/2019,43.02
20/07/2019,16.74
20/07/2019,41.94
21/07/2019,801.568
21/07/2019,657.93
21/07/2019,272.848
21/07/2019,35.98
22/07/2019,717.72
22/07/2019,170.352
22/07/2019,159.98
23/07/2019,99.98
23/07/2019,479.04
23/07/2019,45
23/07/2019,1023.936
23/07/2019,604.752
23/07/2019,302.376
25/07/2019,77.92
26/07/2019,67.88
26/07/2019,674.352
26/07/2019,25.71
26/07/2019,134.01
26/07/2019,17.496
26/07/2019,111.93
26/07/2019,431.136
26/07/2019,170.97
26/07/2019,911.984
27/07/2019,238
28/07/2019,129.888
30/07/2019,1367.84
01/08/2019,44.128
02/08/2019,21.2
03/08/2019,218.75
04/08/2019,255.42
04/08/2019,399.96
05/08/2019,1133.35
05/08/2019,340.144
05/08/2019,489.23
05/08/2019,16.36
05/08/2019,135.99
06/08/2019,62.91
06/08/2019,199.98
08/08/2019,155.456
08/08/2019,121.376
08/08/2019,327.76
08/08/2019,53.88
08/08/2019,95.976
08/08/2019,549.99
08/08/2019,1199.976
08/08/2019,299.98
08/08/2019,445.96
09/08/2019,219.168
09/08/2019,1091.168
09/08/2019,178.384
11/08/2019,12.35
12/08/2019,85.44
12/08/2019,272.61
12/08/2019,158.928
12/08/2019,806.336
15/08/2019,195.136
16/08/2019,853.092
17/08/2019,339.96
19/08/2019,638.82
19/08/2019,289.24
20/08/2019,500.24
20/08/2019,421.372
23/08/2019,4.224
23/08/2019,143.64
24/08/2019,13.28
25/08/2019,6.28
25/08/2019,95.1
25/08/2019,1007.944
26/08/2019,10.68
26/08/2019,176.8
26/08/2019,149.97
27/08/2019,29.12
27/08/2019,1202.94
27/08/2019,579.95
27/08/2019,213.48
29/08/2019,174.0585
31/08/2019,92.52
01/09/2019,357
02/09/2019,70.71
02/09/2019,475.944
02/09/2019,239.976
02/09/2019,559.71
05/09/2019,31.984
06/09/2019,41.88
07/09/2019,161.96
07/09/2019,42.368
07/09/2019,57.69
07/09/2019,821.88
07/09/2019,429.9
07/09/2019,200.795
07/09/2019,46.688
07/09/2019,399.54
07/09/2019,104.85
07/09/2019,196.776
07/09/2019,377.97
07/09/2019,32.382
08/09/2019,975.92
08/09/2019,1740.06
08/09/2019,966.7
08/09/2019,172.764
08/09/2019,83.88
08/09/2019,49.98
08/09/2019,32.97
08/09/2019,209.97
08/09/2019,8159.952
08/09/2019,143.976
09/09/2019,785.88
09/09/2019,17.472
09/09/2019,60.672
09/09/2019,64.704
09/09/2019,1299.99
09/09/2019,135.516
10/09/2019,1487.04
10/09/2019,254.9
11/09/2019,127.95
12/09/2019,3785.292
12/09/2019,40.56
12/09/2019,57.4
12/09/2019,15.216
12/09/2019,69.99
13/09/2019,340.116
13/09/2019,14.19
13/09/2019,118
13/09/2019,199.98
13/09/2019,144.96
13/09/2019,252
14/09/2019,9.96
14/09/2019,142.4
14/09/2019,13.128
14/09/2019,464.292
14/09/2019,2799.96
14/09/2019,287.97
14/09/2019,16.99
15/09/2019,103.936
15/09/2019,14.56
17/09/2019,35.34
17/09/2019,47.984
17/09/2019,55.92
17/09/2019,29.925
19/09/2019,887.103
19/09/2019,73.915
19/09/2019,3059.982
19/09/2019,2624.985
19/09/2019,2519.958
20/09/2019,362.94
20/09/2019,801.568
20/09/2019,493.43
20/09/2019,631.782
20/09/2019,164.22
20/09/2019,617.7
20/09/2019,59.98
20/09/2019,11.12
20/09/2019,1349.91
20/09/2019,629.95
21/09/2019,8.544
21/09/2019,1799.97
21/09/2019,239.984
21/09/2019,246.384
22/09/2019,579.528
22/09/2019,97.44
23/09/2019,435.999
23/09/2019,83.984
24/09/2019,391.98
24/09/2019,437.85
25/09/2019,300.5328
26/09/2019,585.552
26/09/2019,145.568
26/09/2019,21.184
26/09/2019,3.152
26/09/2019,153.824
27/09/2019,603.92
27/09/2019,87.54
28/09/2019,337.088
29/09/2019,117.36
29/09/2019,6.16
29/09/2019,204.6
29/09/2019,2348.82
29/09/2019,67.176
29/09/2019,409.272
29/09/2019,686.32
30/09/2019,15.24
02/10/2019,7.16
02/10/2019,230.376
02/10/2019,318.4
03/10/2019,122.352
03/10/2019,258.279
03/10/2019,31.776
03/10/2019,143.432
03/10/2019,142.488
04/10/2019,589.41
05/10/2019,99.98
05/10/2019,435.17
05/10/2019,72.9
05/10/2019,206.35
05/10/2019,7.99
06/10/2019,9.09
07/10/2019,129.92
08/10/2019,23.472
09/10/2019,15.992
10/10/2019,122.352
10/10/2019,46.872
10/10/2019,101.994
10/10/2019,719.952
10/10/2019,755.944
11/10/2019,433.568
11/10/2019,63.47
11/10/2019,8.92
11/10/2019,345
13/10/2019,245.98
13/10/2019,1298.55
13/10/2019,25.78
13/10/2019,22.96
14/10/2019,1628.82
14/10/2019,177
14/10/2019,1999.96
15/10/2019,183.372
15/10/2019,15.384
16/10/2019,179.97
17/10/2019,5.312
17/10/2019,119.976
18/10/2019,545.88
18/10/2019,605.34
18/10/2019,1394.95
19/10/2019,117.576
19/10/2019,321.552
19/10/2019,117.576
19/10/2019,32.7
20/10/2019,328.59
20/10/2019,319.968
21/10/2019,409.59
21/10/2019,591.32
22/10/2019,129.92
22/10/2019,93.888
25/10/2019,40.776
26/10/2019,63.92
26/10/2019,383.96
28/10/2019,616.998
28/10/2019,257.98
29/10/2019,1.98
29/10/2019,2735.952
31/10/2019,1604.9
31/10/2019,146.352
31/10/2019,17.67
31/10/2019,14.76
31/10/2019,385.686
31/10/2019,1421.664
31/10/2019,251.91
31/10/2019,742.336
31/10/2019,73.584
01/11/2019,68.704
01/11/2019,31.68
01/11/2019,155.976
01/11/2019,1983.968
01/11/2019,978.84
02/11/2019,89.34
02/11/2019,41.94
02/11/2019,799.92
02/11/2019,539.964
02/11/2019,50.232
02/11/2019,46.384
02/11/2019,52.792
02/11/2019,88.776
03/11/2019,410.352
03/11/2019,945.036
03/11/2019,89.97
03/11/2019,783.96
04/11/2019,135.882
04/11/2019,35.34
04/11/2019,573.728
04/11/2019,360
04/11/2019,3991.98
04/11/2019,447.968
04/11/2019,666.344
04/11/2019,275.94
05/11/2019,149.9
05/11/2019,20.04
05/11/2019,273.568
05/11/2019,51.56
05/11/2019,47.79
05/11/2019,58.416
07/11/2019,683.144
08/11/2019,333.576
09/11/2019,222.666
09/11/2019,56.52
09/11/2019,703.968
10/11/2019,563.94
10/11/2019,39.88
10/11/2019,53.2
10/11/2019,10.99
10/11/2019,601.536
11/11/2019,521.96
11/11/2019,603.92
11/11/2019,112.648
11/11/2019,797.944
11/11/2019,10.984
11/11/2019,23.968
11/11/2019,102.13
11/11/2019,559.984
11/11/2019,575.928
11/11/2019,148.48
11/11/2019,241.176
12/11/2019,67.9932
12/11/2019,25.128
12/11/2019,629.064
12/11/2019,127.984
12/11/2019,79.512
14/11/2019,69.264
14/11/2019,832.93
15/11/2019,10.11
15/11/2019,772.47
16/11/2019,305.9745
16/11/2019,37.296
16/11/2019,273.96
16/11/2019,79.968
17/11/2019,4007.84
17/11/2019,479.9
17/11/2019,657.93
17/11/2019,124.41
17/11/2019,99.98
18/11/2019,424.116
18/11/2019,392.94
18/11/2019,60.312
18/11/2019,8.544
18/11/2019,137.54
18/11/2019,145.98
18/11/2019,292.1
18/11/2019,730.2
18/11/2019,539.964
18/11/2019,9.588
19/11/2019,1025.88
19/11/2019,29
19/11/2019,47.496
19/11/2019,281.97
19/11/2019,4548.81
19/11/2019,503.96
19/11/2019,149.95
20/11/2019,833.94
21/11/2019,94.99
21/11/2019,36.99
21/11/2019,267.96
23/11/2019,381.44
23/11/2019,603.92
23/11/2019,155.372
23/11/2019,6.368
23/11/2019,29.99
23/11/2019,5.544
24/11/2019,611.058
24/11/2019,120.712
24/11/2019,151.72
24/11/2019,111.15
24/11/2019,35.168
24/11/2019,111.79
24/11/2019,1049.97
24/11/2019,1502.376
24/11/2019,99.12
24/11/2019,99.12
25/11/2019,275.952
25/11/2019,725.344
25/11/2019,6.096
25/11/2019,52.96
25/11/2019,23.88
25/11/2019,1218.735
25/11/2019,24.672
25/11/2019,539.92
26/11/2019,19.3
26/11/2019,438.336
26/11/2019,279.96
27/11/2019,199.9
28/11/2019,411.332
28/11/2019,397.6
28/11/2019,139.93
28/11/2019,998.85
29/11/2019,575.92
30/11/2019,102.24
01/12/2019,909.72
01/12/2019,2807.84
01/12/2019,674.058
01/12/2019,8.128
01/12/2019,58.2
01/12/2019,9.82
01/12/2019,45.84
01/12/2019,659.988
01/12/2019,95.968
01/12/2019,271.9
02/12/2019,883.92
02/12/2019,239.84
02/12/2019,58.36
02/12/2019,39.96
02/12/2019,60.72
02/12/2019,5.95
02/12/2019,119.8
02/12/2019,119.96
02/12/2019,58.36
02/12/2019,39.96
03/12/2019,479.96
04/12/2019,129.98
04/12/2019,25.08
05/12/2019,408.744
05/12/2019,179.94
05/12/2019,36.738
05/12/2019,167.968
06/12/2019,10.776
06/12/2019,23.976
06/12/2019,275.49
06/12/2019,214.95
06/12/2019,35.04
08/12/2019,603.92
08/12/2019,39.88
08/12/2019,79.44
08/12/2019,103.92
08/12/2019,52.68
09/12/2019,1079.976
10/12/2019,338.352
12/12/2019,254.9745
12/12/2019,9.24
12/12/2019,43.31
12/12/2019,12.54
12/12/2019,3610.848
12/12/2019,764.688
13/12/2019,87.96
13/12/2019,94.428
14/12/2019,186.304
14/12/2019,136.53
14/12/2019,35.016
14/12/2019,263.96
14/12/2019,6999.96
14/12/2019,526.58
14/12/2019,1199.98
15/12/2019,445.802
15/12/2019,763.28
15/12/2019,8.544
15/12/2019,6.16
15/12/2019,40.68
16/12/2019,1013.832
16/12/2019,1403.92
16/12/2019,241.568
16/12/2019,8.624
16/12/2019,56.568
16/12/2019,29.46
16/12/2019,44.46
16/12/2019,395
16/12/2019,99.98
16/12/2019,319.968
16/12/2019,627.168
19/12/2019,1819.86
19/12/2019,247.8
19/12/2019,583.8
19/12/2019,211.168
19/12/2019,323.976
20/12/2019,662.88
20/12/2019,242.352
20/12/2019,192.186
20/12/2019,51.968
20/12/2019,190.848
20/12/2019,455.1
20/12/2019,2244.48
20/12/2019,447.944
20/12/2019,71.976
20/12/2019,65.44
20/12/2019,94.2
21/12/2019,572.16
21/12/2019,1325.76
23/12/2019,64.784
23/12/2019,53.316
24/12/2019,292.272
24/12/2019,23.99
24/12/2019,30.36
24/12/2019,62.85
24/12/2019,173.656
24/12/2019,818.376
26/12/2019,230.352
26/12/2019,600.558
26/12/2019,3.48
26/12/2019,218.352
26/12/2019,300.416
27/12/2019,767.214
27/12/2019,230.28
27/12/2019,32.952
27/12/2019,182.352
27/12/2019,498
29/12/2019,38.976
29/12/2019,24.9
29/12/2019,70.56
29/12/2019,8.736
29/12/2019,119.8
29/12/2019,767.952
29/12/2019,319.968
29/12/2019,191.976
29/12/2019,23.976
29/12/2019,19.6
29/12/2019,101.12
29/12/2019,68.46
29/12/2019,68.46
30/12/2019,523.764
30/12/2019,47.984
30/12/2019,27.968
30/12/2019,328.776
30/12/2019,251.964
30/12/2019,217.584
31/12/2019,341.96
31/12/2019,1573.488
31/12/2019,605.88
31/12/2019,63.2
31/12/2019,47.53
31/12/2019,113.97
31/12/2019,1687.8
31/12/2019,34.77
31/12/2019,475.944
02/01/2020,452.45
02/01/2020,89.584
02/01/2020,1188
02/01/2020,62.982
03/01/2020,1352.3976
03/01/2020,398.4
04/01/2020,192.22
05/01/2020,61.584
10/01/2020,1018.104
12/01/2020,10.384
12/01/2020,26.376
12/01/2020,107.118
12/01/2020,235.188
13/01/2020,77.6
13/01/2020,464.85
17/01/2020,254.744
19/01/2020,199.304
19/01/2020,102.438
21/01/2020,24.3
21/01/2020,9.48
21/01/2020,31.4
21/01/2020,209.5
27/01/2020,181.986
27/01/2020,2803.92
27/01/2020,431.976
27/01/2020,155.37
28/01/2020,4297.644
30/01/2020,227.36
30/01/2020,1919.976
31/01/2020,53.34
03/02/2020,90.882
03/02/2020,28.4
03/02/2020,136.92
03/02/2020,149.97
06/02/2020,283.92
06/02/2020,1268.82
06/02/2020,18.528
08/02/2020,107.982
09/02/2020,203.92
09/02/2020,40.784
09/02/2020,20.8
09/02/2020,479.952
14/02/2020,71.976
14/02/2020,625.99
14/02/2020,323.982
15/02/2020,139.95
15/02/2020,699.98
15/02/2020,134.97
18/02/2020,35.544
20/02/2020,29.99
27/02/2020,493.92
27/02/2020,538.92
27/02/2020,105.98
28/02/2020,389.696
28/02/2020,161.568
01/03/2020,1227.9984
01/03/2020,184.752
01/03/2020,15.984
01/03/2020,95.84
02/03/2020,787.53
05/03/2020,383.607
05/03/2020,99.372
05/03/2020,4.712
05/03/2020,33.568
05/03/2020,10.312
05/03/2020,31.92
05/03/2020,466.158
05/03/2020,23.92
06/03/2020,435.26
06/03/2020,1119.984
07/03/2020,119.85
07/03/2020,587.97
08/03/2020,512.94
08/03/2020,860.93
08/03/2020,373.08
08/03/2020,769.95
09/03/2020,113.52
09/03/2020,359.88
12/03/2020,6.408
12/03/2020,30.88
13/03/2020,141.96
13/03/2020,915.136
13/03/2020,327.76
13/03/2020,915.136
13/03/2020,327.76
15/03/2020,16.776
16/03/2020,43.13
16/03/2020,171.96
16/03/2020,85.9
17/03/2020,15.02
19/03/2020,383.4656
19/03/2020,3149.93
19/03/2020,453.576
20/03/2020,199.98
22/03/2020,91.96
22/03/2020,18.392
22/03/2020,447.944
22/03/2020,15.984
22/03/2020,1487.976
23/03/2020,107.772
23/03/2020,239.97
24/03/2020,359.058
24/03/2020,46.9
26/03/2020,3393.68
26/03/2020,16.776
28/03/2020,166.24
29/03/2020,1166.92
29/03/2020,19.92
29/03/2020,53.25
30/03/2020,366.744
30/03/2020,180.96
31/03/2020,22.38
31/03/2020,79.96
02/04/2020,50.12
02/04/2020,47.976
02/04/2020,71.976
02/04/2020,87.8
04/04/2020,108.4
04/04/2020,599.98
04/04/2020,10.95
05/04/2020,352.45
05/04/2020,892.224
05/04/2020,7.584
05/04/2020,547.136
05/04/2020,239.94
05/04/2020,14.85
05/04/2020,41.988
06/04/2020,25.488
07/04/2020,383.952
09/04/2020,369.912
11/04/2020,54.528
11/04/2020,67.36
11/04/2020,85.14
11/04/2020,639.968
11/04/2020,21.99
13/04/2020,37.68
13/04/2020,609.98
13/04/2020,241.568
13/04/2020,211.372
13/04/2020,710.832
13/04/2020,199.96
13/04/2020,239.976
13/04/2020,479.92
13/04/2020,258.576
16/04/2020,523.26
16/04/2020,127.764
16/04/2020,1196.86
16/04/2020,43.56
16/04/2020,1439.968
16/04/2020,569.64
16/04/2020,118.782
17/04/2020,323.37
17/04/2020,99.6
17/04/2020,783.96
18/04/2020,56.686
18/04/2020,89.99
18/04/2020,6.16
18/04/2020,106.5
18/04/2020,41.424
18/04/2020,97.968
18/04/2020,244.768
20/04/2020,595.38
20/04/2020,287.97
21/04/2020,191.96
21/04/2020,209.88
21/04/2020,469.95
22/04/2020,88.776
25/04/2020,128.058
26/04/2020,831.936
26/04/2020,63.936
26/04/2020,408.422
26/04/2020,97.04
26/04/2020,191.5155
26/04/2020,311.976
27/04/2020,1267.53
27/04/2020,1379.92
30/04/2020,213.115
30/04/2020,24.3
30/04/2020,9.48
30/04/2020,31.4
30/04/2020,19.8
30/04/2020,209.5
30/04/2020,1022.97
01/05/2020,63.552
01/05/2020,88.752
02/05/2020,158.376
03/05/2020,844.116
03/05/2020,665.88
03/05/2020,339.96
03/05/2020,27.552
04/05/2020,22.288
04/05/2020,26.8
04/05/2020,946.344
07/05/2020,244.006
07/05/2020,24.3
07/05/2020,19.6
08/05/2020,127.764
08/05/2020,123.96
08/05/2020,79.44
08/05/2020,8.352
08/05/2020,2799.944
08/05/2020,377.97
10/05/2020,46.688
11/05/2020,191.968
12/05/2020,21.968
12/05/2020,201.584
12/05/2020,619.152
13/05/2020,222.384
14/05/2020,509.9575
14/05/2020,97.568
14/05/2020,722.352
14/05/2020,122.91
16/05/2020,255.968
20/05/2020,163.136
22/05/2020,2973.32
22/05/2020,775.728
23/05/2020,75.33
24/05/2020,602.651
25/05/2020,14.73
25/05/2020,207.984
25/05/2020,467.04
26/05/2020,105.686
26/05/2020,104.93
26/05/2020,20.24
26/05/2020,167.944
26/05/2020,399.54
28/05/2020,45.99
29/05/2020,317.058
29/05/2020,41.568
30/05/2020,151.96
30/05/2020,128.85
30/05/2020,239.97
31/05/2020,1406.86
31/05/2020,2567.84
31/05/2020,8.28
31/05/2020,22.2
31/05/2020,51.56
01/06/2020,299.98
01/06/2020,41.9
04/06/2020,35.28
04/06/2020,119.98
04/06/2020,989.97
05/06/2020,1522.638
08/06/2020,173.208
08/06/2020,2.376
09/06/2020,355.36
09/06/2020,72.6
09/06/2020,140.376
11/06/2020,1123.92
11/06/2020,48.672
11/06/2020,29.16
11/06/2020,53.7
11/06/2020,249.584
12/06/2020,43.296
12/06/2020,55.984
13/06/2020,67.98
13/06/2020,899.97
14/06/2020,51.072
15/06/2020,40.256
15/06/2020,364.704
15/06/2020,11.672
15/06/2020,225.576
16/06/2020,197.372
16/06/2020,133.98
18/06/2020,643.136
18/06/2020,60.84
18/06/2020,75.36
18/06/2020,467.97
19/06/2020,12.56
20/06/2020,257.64
20/06/2020,319.984
20/06/2020,125.944
20/06/2020,125.976
21/06/2020,107.976
22/06/2020,796.425
23/06/2020,27.42
23/06/2020,75
23/06/2020,217.584
23/06/2020,143.976
23/06/2020,201.568
25/06/2020,204.85
25/06/2020,75.384
26/06/2020,332.94
26/06/2020,41.9
26/06/2020,971.88
28/06/2020,482.94
28/06/2020,621.76
29/06/2020,117.882
29/06/2020,20.104
29/06/2020,269.98
02/07/2020,382.116
02/07/2020,408.422
02/07/2020,159.84
02/07/2020,74.24
03/07/2020,70.98
03/07/2020,168.464
03/07/2020,282.888
04/07/2020,1099.96
05/07/2020,4.928
05/07/2020,4.928
05/07/2020,34.8
06/07/2020,301.96
06/07/2020,170.352
06/07/2020,155.82
06/07/2020,13.96
06/07/2020,124.95
09/07/2020,181.96
09/07/2020,269.982
11/07/2020,341.488
11/07/2020,25.344
11/07/2020,289.8
11/07/2020,199.836
11/07/2020,716
12/07/2020,383.607
12/07/2020,7.76
12/07/2020,537.544
12/07/2020,307.168
12/07/2020,148.48
12/07/2020,659.168
13/07/2020,1931.04
14/07/2020,127.764
14/07/2020,441.92
16/07/2020,1348.704
16/07/2020,700.152
16/07/2020,150.98
16/07/2020,599.9
17/07/2020,195.466
17/07/2020,231.92
18/07/2020,7.38
18/07/2020,519.96
18/07/2020,135.99
20/07/2020,913.43
20/07/2020,384.944
20/07/2020,831.2
20/07/2020,153.584
23/07/2020,128.82
24/07/2020,20.94
24/07/2020,279.86
25/07/2020,704.9
25/07/2020,561.568
25/07/2020,358.58
25/07/2020,623.96
26/07/2020,266.352
26/07/2020,393.165
27/07/2020,29.97
30/07/2020,155.88
30/07/2020,5.28
30/07/2020,209.93
31/07/2020,1090.782
31/07/2020,2309.65
31/07/2020,239.7
01/08/2020,1004.976
02/08/2020,110.98
02/08/2020,277.5
02/08/2020,199.98
02/08/2020,558.4
02/08/2020,128.85
05/08/2020,14.76
06/08/2020,369.1992
07/08/2020,212.94
07/08/2020,494.97
08/08/2020,144.784
08/08/2020,79.99
09/08/2020,687.4
09/08/2020,10.02
09/08/2020,6.16
09/08/2020,47.04
09/08/2020,382.806
09/08/2020,622.45
09/08/2020,247.8
09/08/2020,979.95
09/08/2020,307.98
10/08/2020,438.368
10/08/2020,139.944
11/08/2020,46.152
11/08/2020,138
13/08/2020,31.56
15/08/2020,104.23
16/08/2020,301.47
16/08/2020,254.352
16/08/2020,31.176
16/08/2020,1879.96
16/08/2020,519.792
17/08/2020,252.8
17/08/2020,30.08
21/08/2020,586.398
21/08/2020,544.008
21/08/2020,598.458
21/08/2020,25.984
21/08/2020,21.728
23/08/2020,251.91
24/08/2020,14.91
24/08/2020,284.364
24/08/2020,918.785
24/08/2020,26
24/08/2020,79.96
24/08/2020,3080
24/08/2020,26.982
24/08/2020,587.97
25/08/2020,40.784
25/08/2020,20.104
25/08/2020,7.88
28/08/2020,307.666
28/08/2020,4.16
28/08/2020,103.481
28/08/2020,2799.96
28/08/2020,43.176
28/08/2020,1099.96
29/08/2020,114.52
29/08/2020,131.98
31/08/2020,1552.831
31/08/2020,36.51
31/08/2020,239.976
31/08/2020,555.96
01/09/2020,60.74
01/09/2020,124.36
01/09/2020,959.984
03/09/2020,129.568
03/09/2020,238.152
03/09/2020,17.9
03/09/2020,129.45
03/09/2020,100.49
04/09/2020,134.376
04/09/2020,619.95
05/09/2020,411.332
05/09/2020,293.199
05/09/2020,67.96
05/09/2020,6.16
06/09/2020,271.764
06/09/2020,191.82
06/09/2020,85.98
06/09/2020,46.32
06/09/2020,337.98
07/09/2020,47.516
07/09/2020,481.176
07/09/2020,27.414
07/09/2020,90
07/09/2020,559.93
07/09/2020,791.964
08/09/2020,21.36
10/09/2020,361.96
10/09/2020,179.886
10/09/2020,106.68
11/09/2020,24.64
11/09/2020,210.68
11/09/2020,8.92
11/09/2020,19.99
12/09/2020,21.98
12/09/2020,479.984
13/09/2020,1516.2
13/09/2020,717.72
13/09/2020,170.072
13/09/2020,207.35
13/09/2020,129.93
13/09/2020,44.67
13/09/2020,131.88
13/09/2020,199.96
14/09/2020,170.136
14/09/2020,912.75
14/09/2020,879.984
15/09/2020,46.384
15/09/2020,1056.86
15/09/2020,15.712
15/09/2020,55.968
15/09/2020,801.96
15/09/2020,59.97
17/09/2020,2003.92
17/09/2020,3083.43
17/09/2020,4228.704
17/09/2020,199.764
17/09/2020,21.936
17/09/2020,124.2
17/09/2020,344.22
17/09/2020,87.168
17/09/2020,659.9
17/09/2020,67.8
17/09/2020,209.97
18/09/2020,24.4
18/09/2020,717.12
18/09/2020,499.99
18/09/2020,1259.93
19/09/2020,61.96
19/09/2020,60.84
19/09/2020,66.36
19/09/2020,279.86
21/09/2020,194.32
21/09/2020,1690.04
21/09/2020,542.94
21/09/2020,601.536
21/09/2020,4.928
21/09/2020,85.3
21/09/2020,151.2
21/09/2020,629.95
21/09/2020,589.9
21/09/2020,113.73
21/09/2020,946.344
22/09/2020,47.98
22/09/2020,204.6
22/09/2020,617.976
24/09/2020,1408.1
24/09/2020,517.5
24/09/2020,14.91
24/09/2020,23.2
24/09/2020,35.12
24/09/2020,821.94
25/09/2020,102.582
25/09/2020,307.136
25/09/2020,1044.63
25/09/2020,63.96
25/09/2020,159.98
25/09/2020,899.91
25/09/2020,104.98
26/09/2020,50
26/09/2020,239.8
26/09/2020,629.93
26/09/2020,263.96
26/09/2020,1114.4
26/09/2020,45.894
27/09/2020,24.288
27/09/2020,1871.88
28/09/2020,307.98
28/09/2020,36.784
01/10/2020,108.768
01/10/2020,572.8
01/10/2020,311.98
02/10/2020,11.032
02/10/2020,90
02/10/2020,53.04
02/10/2020,503.96
03/10/2020,35.49
03/10/2020,120.666
03/10/2020,47.984
03/10/2020,24
04/10/2020,392.94
04/10/2020,64.944
05/10/2020,66.294
05/10/2020,291.168
05/10/2020,288
05/10/2020,53.04
08/10/2020,145.9
08/10/2020,72.78
09/10/2020,389.97
09/10/2020,619.95
09/10/2020,631.96
09/10/2020,29.16
10/10/2020,362.136
11/10/2020,957.5775
11/10/2020,31.95
12/10/2020,626.352
12/10/2020,899.136
12/10/2020,209.67
12/10/2020,17.9
12/10/2020,71.76
12/10/2020,263.96
12/10/2020,135.72
13/10/2020,287.94
13/10/2020,83.72
15/10/2020,2453.43
15/10/2020,17.14
15/10/2020,131.376
15/10/2020,339.96
15/10/2020,263.88
16/10/2020,824.97
18/10/2020,10.11
18/10/2020,27.696
18/10/2020,249.584
19/10/2020,270
19/10/2020,149.95
19/10/2020,2.21
20/10/2020,16.02
20/10/2020,74.76
20/10/2020,364.776
20/10/2020,239.97
23/10/2020,842.352
23/10/2020,240.784
23/10/2020,191.968
23/10/2020,148.32
23/10/2020,479.976
23/10/2020,150.384
23/10/2020,55.944
23/10/2020,11.824
24/10/2020,454.272
24/10/2020,347.361
25/10/2020,582.336
25/10/2020,291.1
25/10/2020,253.176
25/10/2020,158.99
26/10/2020,68.72
26/10/2020,105.584
28/10/2020,33.11
28/10/2020,24.1
30/10/2020,15.488
30/10/2020,439.992
30/10/2020,59.994
30/10/2020,1035.8
30/10/2020,299.9
30/10/2020,87.96
31/10/2020,425.833
31/10/2020,323.136
31/10/2020,1295.84
01/11/2020,327.564
01/11/2020,205.164
01/11/2020,259.7
01/11/2020,301.96
01/11/2020,1399.93
01/11/2020,35.36
01/11/2020,4.95
01/11/2020,42.95
01/11/2020,503.96
02/11/2020,512.499
02/11/2020,2621.322
02/11/2020,109.764
02/11/2020,96.96
02/11/2020,1038.84
02/11/2020,447.93
02/11/2020,344.704
03/11/2020,1448.82
03/11/2020,42.6
03/11/2020,89.97
03/11/2020,1212.848
05/11/2020,207
07/11/2020,190.72
07/11/2020,715.2
07/11/2020,64.96
07/11/2020,287.91
08/11/2020,4404.9
08/11/2020,577.764
08/11/2020,4.712
08/11/2020,186.54
08/11/2020,11.82
08/11/2020,66.69
08/11/2020,119.9
08/11/2020,371.97
08/11/2020,4643.8
08/11/2020,226.2
08/11/2020,263.96
08/11/2020,549.98
09/11/2020,1024.38
09/11/2020,13.98
09/11/2020,899.95
09/11/2020,2321.9
10/11/2020,29.22
10/11/2020,79.9
10/11/2020,549.99
12/11/2020,523.92
12/11/2020,146.136
12/11/2020,100.792
13/11/2020,613.9992
13/11/2020,683.332
13/11/2020,299.97
13/11/2020,63.98
13/11/2020,17.496
13/11/2020,102.36
13/11/2020,238.896
13/11/2020,111.96
13/11/2020,50.97
13/11/2020,89.98
13/11/2020,377.97
13/11/2020,339.96
14/11/2020,230.352
14/11/2020,883.84
14/11/2020,76.14
14/11/2020,91.176
14/11/2020,47.984
14/11/2020,59.9
14/11/2020,37.6
14/11/2020,159.968
15/11/2020,39.96
16/11/2020,185.58
16/11/2020,34.504
16/11/2020,696.42
16/11/2020,653.55
16/11/2020,214.11
16/11/2020,999.96
16/11/2020,239.976
16/11/2020,304.776
17/11/2020,225.568
17/11/2020,1323.9
17/11/2020,36.6
17/11/2020,80.96
17/11/2020,415.968
19/11/2020,141.96
19/11/2020,861.76
20/11/2020,290.352
20/11/2020,186.048
20/11/2020,145.764
20/11/2020,572.16
20/11/2020,344.372
20/11/2020,32.04
20/11/2020,22.14
20/11/2020,63.824
20/11/2020,13.98
20/11/2020,479.988
20/11/2020,72.744
21/11/2020,141.96
21/11/2020,246.1328
21/11/2020,396.802
21/11/2020,18.176
21/11/2020,1252.704
21/11/2020,393.54
21/11/2020,23.344
21/11/2020,439.992
21/11/2020,83.9
21/11/2020,110.97
22/11/2020,206.962
22/11/2020,27.168
22/11/2020,32.985
23/11/2020,307.98
24/11/2020,79.76
24/11/2020,13.98
26/11/2020,692.472
26/11/2020,599.99
27/11/2020,170.98
27/11/2020,283.92
27/11/2020,38.97
27/11/2020,375.4575
27/11/2020,446.068
27/11/2020,107.97
27/11/2020,104.97
27/11/2020,83.976
27/11/2020,259.98
27/11/2020,83.97
27/11/2020,748.752
28/11/2020,68.16
28/11/2020,12.132
28/11/2020,71.12
28/11/2020,322.59
28/11/2020,151.96
28/11/2020,647.904
29/11/2020,1106.91
29/11/2020,301.96
29/11/2020,21.48
30/11/2020,681.408
30/11/2020,335.744
30/11/2020,17.088
30/11/2020,80.96
30/11/2020,177.48
30/11/2020,94.92
01/12/2020,2003.92
01/12/2020,2676.672
01/12/2020,6.688
01/12/2020,1913.4
02/12/2020,58.36
02/12/2020,39.96
03/12/2020,359.499
03/12/2020,77.952
03/12/2020,2.96
03/12/2020,36.784
03/12/2020,482.34
03/12/2020,105.584
04/12/2020,364.41
04/12/2020,361.764
04/12/2020,384.174
04/12/2020,36.4
04/12/2020,28.44
04/12/2020,25.08
04/12/2020,110.352
04/12/2020,39.96
04/12/2020,1799.75
04/12/2020,361.764
05/12/2020,164.646
05/12/2020,97.424
05/12/2020,44.46
05/12/2020,39
05/12/2020,47.984
06/12/2020,70.686
06/12/2020,206.112
06/12/2020,113.92
06/12/2020,1619.91
06/12/2020,999.98
06/12/2020,219.184
06/12/2020,485.94
06/12/2020,173.94
07/12/2020,283.92
07/12/2020,79.92
07/12/2020,773.94
08/12/2020,236
08/12/2020,1718.4
08/12/2020,119.96
10/12/2020,542.94
10/12/2020,191.96
10/12/2020,801.96
10/12/2020,101.94
10/12/2020,25.488
10/12/2020,799.984
10/12/2020,134.99
11/12/2020,69.576
11/12/2020,54.92
11/12/2020,52.416
11/12/2020,364.95
11/12/2020,159.984
11/12/2020,58.08
11/12/2020,175.23
11/12/2020,125.99
12/12/2020,348.928
12/12/2020,166.5
12/12/2020,22.368
12/12/2020,299.94
13/12/2020,248.85
13/12/2020,36.24
13/12/2020,494.376
14/12/2020,15.24
14/12/2020,6.16
14/12/2020,29.22
14/12/2020,273.568
14/12/2020,50
14/12/2020,319.968
15/12/2020,262.864
15/12/2020,2025.36
15/12/2020,899.91
15/12/2020,1799.994
15/12/2020,246.168
15/12/2020,101.988
17/12/2020,546.66
17/12/2020,302.94
17/12/2020,142.36
17/12/2020,41.552
17/12/2020,212.13
17/12/2020,135.984
18/12/2020,20.32
18/12/2020,166.24
19/12/2020,1053.164
19/12/2020,1265.85
19/12/2020,2249.91
19/12/2020,25.488
19/12/2020,158.376
19/12/2020,675.96
20/12/2020,359.058
20/12/2020,14.368
20/12/2020,255.968
20/12/2020,100.8
20/12/2020,159.984
21/12/2020,51.756
21/12/2020,1618.37
21/12/2020,99.6
21/12/2020,637.44
21/12/2020,50.88
21/12/2020,600.53
21/12/2020,47.976
22/12/2020,422.625
24/12/2020,590.058
24/12/2020,883.84
24/12/2020,72.704
24/12/2020,7.712
24/12/2020,9.68
24/12/2020,4899.93
24/12/2020,479.988
24/12/2020,111.984
25/12/2020,449.568
25/12/2020,160.98
25/12/2020,275.88
25/12/2020,547.136
25/12/2020,843.9
25/12/2020,1199.96
25/12/2020,73.98
26/12/2020,275.058
26/12/2020,51.588
27/12/2020,532.3992
27/12/2020,131.104
27/12/2020,212.058
27/12/2020,53.352
27/12/2020,1548.99
27/12/2020,4.728
27/12/2020,7.92
27/12/2020,72.744
27/12/2020,371.168
27/12/2020,668.16
27/12/2020,239.9
28/12/2020,54.384
30/12/2020,2548.56
30/12/2020,287.88
31/12/2020,14.76
02/01/2021,173.94
02/01/2021,231.98
03/01/2021,1592.85
03/01/2021,30.08
03/01/2021,165.6
03/01/2021,180.96
04/01/2021,959.968
05/01/2021,191.472
05/01/2021,59.184
07/01/2021,23.076
08/01/2021,1565.88
08/01/2021,108.784
09/01/2021,15.168
09/01/2021,349.95
09/01/2021,377.928
10/01/2021,24.85
10/01/2021,79.92
10/01/2021,69.98
11/01/2021,54.992
11/01/2021,15.588
14/01/2021,315.776
15/01/2021,181.797
15/01/2021,254.97
16/01/2021,90.57
17/01/2021,322.59
17/01/2021,316
17/01/2021,371.97
17/01/2021,29.99
21/01/2021,1013.488
21/01/2021,153.568
21/01/2021,24.3
21/01/2021,9.48
21/01/2021,31.4
21/01/2021,209.5
22/01/2021,451.136
22/01/2021,109.9
22/01/2021,14.272
22/01/2021,55.176
22/01/2021,110.376
23/01/2021,59.99
23/01/2021,99.98
25/01/2021,45.98
25/01/2021,313.722
30/01/2021,48.58
30/01/2021,435.168
30/01/2021,626.1
30/01/2021,1439.968
31/01/2021,109.592
02/02/2021,18.69
02/02/2021,73.784
02/02/2021,8749.95
03/02/2021,866.4
04/02/2021,14.368
04/02/2021,90.48
05/02/2021,239.98
05/02/2021,18.84
05/02/2021,557.728
05/02/2021,104.85
05/02/2021,159.968
05/02/2021,484.83
06/02/2021,132.224
07/02/2021,100
07/02/2021,623.96
08/02/2021,241.5
08/02/2021,1127.976
09/02/2021,89.97
09/02/2021,31.86
11/02/2021,69.93
14/02/2021,10.56
14/02/2021,550.431
16/02/2021,227.96
16/02/2021,326.646
16/02/2021,62.958
16/02/2021,318.08
16/02/2021,89.97
19/02/2021,44.46
21/02/2021,68.95
21/02/2021,135.8
21/02/2021,12.99
21/02/2021,39.98
22/02/2021,36.24
22/02/2021,445.96
27/02/2021,16.192
01/03/2021,836.592
01/03/2021,4899.93
01/03/2021,159.984
03/03/2021,563.43
03/03/2021,35.28
03/03/2021,637.896
03/03/2021,41.72
03/03/2021,287.91
03/03/2021,431.976
03/03/2021,479.95
03/03/2021,134.85
04/03/2021,159.98
06/03/2021,159.04
06/03/2021,145.98
06/03/2021,68.238
06/03/2021,431.94
07/03/2021,21.072
08/03/2021,113.6
08/03/2021,102.36
08/03/2021,27.96
08/03/2021,1363.96
08/03/2021,108.576
09/03/2021,354.9
09/03/2021,199.75
10/03/2021,176.784
10/03/2021,39.992
10/03/2021,26.85
10/03/2021,3357.6
10/03/2021,4158.912
11/03/2021,30.336
11/03/2021,76.92
11/03/2021,244.006
11/03/2021,45.98
12/03/2021,770.352
13/03/2021,386.68
13/03/2021,28.28
13/03/2021,127.88
13/03/2021,557.585
13/03/2021,379.96
13/03/2021,449.1
13/03/2021,203.184
13/03/2021,539.91
13/03/2021,915.14
13/03/2021,327.76
14/03/2021,241.332
14/03/2021,196.784
14/03/2021,16.74
14/03/2021,21.88
15/03/2021,1352.032
15/03/2021,528.43
15/03/2021,83.976
17/03/2021,971.5
17/03/2021,129.98
17/03/2021,84.784
18/03/2021,189.882
19/03/2021,72.294
19/03/2021,20.32
19/03/2021,14.98
19/03/2021,72.294
20/03/2021,86.45
20/03/2021,697.16
20/03/2021,11.992
20/03/2021,84.784
21/03/2021,528.43
21/03/2021,99.372
22/03/2021,167.888
22/03/2021,58.58
24/03/2021,301.47
24/03/2021,403.168
25/03/2021,1287.45
26/03/2021,119.976
27/03/2021,39.92
27/03/2021,20.24
29/03/2021,299.975
29/03/2021,844.116
29/03/2021,414
29/03/2021,158.376
29/03/2021,812.736
31/03/2021,327.996
31/03/2021,31.984
31/03/2021,280.782
01/04/2021,1317.492
01/04/2021,7.04
01/04/2021,12.99
01/04/2021,35.12
02/04/2021,1454.9
03/04/2021,71.12
03/04/2021,259.96
04/04/2021,82.64
04/04/2021,89.97
04/04/2021,149.97
05/04/2021,118.782
06/04/2021,1294.75
07/04/2021,658.746
07/04/2021,1199.976
08/04/2021,354.9
08/04/2021,388.704
08/04/2021,95.984
08/04/2021,24.7
08/04/2021,159.92
08/04/2021,431.928
09/04/2021,556.665
09/04/2021,517.9
12/04/2021,194.352
12/04/2021,638.288
12/04/2021,343.92
14/04/2021,933.536
14/04/2021,383.8
15/04/2021,1121.568
15/04/2021,408.744
15/04/2021,291.96
16/04/2021,9.96
16/04/2021,35.168
16/04/2021,9099.93
17/04/2021,257.499
17/04/2021,18.624
17/04/2021,79.12
17/04/2021,36.792
17/04/2021,79.12
18/04/2021,344.372
18/04/2021,127.88
18/04/2021,29.56
19/04/2021,205.176
19/04/2021,39.96
19/04/2021,25.98
22/04/2021,23.56
22/04/2021,31.56
22/04/2021,86.62
22/04/2021,1272.63
23/04/2021,99.99
24/04/2021,1325.76
24/04/2021,258.696
25/04/2021,82.8
26/04/2021,434.646
28/04/2021,41.568
28/04/2021,30.344
28/04/2021,369.576
30/04/2021,111.888
30/04/2021,22.608
01/05/2021,370.62
02/05/2021,187.056
02/05/2021,366.744
02/05/2021,12.56
02/05/2021,214.7
03/05/2021,51.968
03/05/2021,431.976
03/05/2021,132.52
03/05/2021,224.937
05/05/2021,16.72
05/05/2021,71.088
05/05/2021,1685.88
05/05/2021,298.776
05/05/2021,177.48
05/05/2021,246.168
06/05/2021,41.6
06/05/2021,54.712
06/05/2021,26.176
07/05/2021,442.764
07/05/2021,63.68
07/05/2021,199.95
07/05/2021,3999.95
07/05/2021,37.68
07/05/2021,2.21
08/05/2021,211.96
08/05/2021,58.112
09/05/2021,93.98
09/05/2021,19.136
10/05/2021,743.988
12/05/2021,10.02
12/05/2021,120
12/05/2021,631.96
14/05/2021,30.192
14/05/2021,79.384
14/05/2021,185.528
14/05/2021,43.6
16/05/2021,282.84
17/05/2021,173.24
17/05/2021,22.608
19/05/2021,641.96
19/05/2021,39.76
19/05/2021,35.92
20/05/2021,1049.2
20/05/2021,1363.96
21/05/2021,66.26
21/05/2021,2396.4
21/05/2021,55.176
22/05/2021,174.286
22/05/2021,95.1
22/05/2021,257.98
22/05/2021,222.384
22/05/2021,345
23/05/2021,37.05
23/05/2021,8399.976
23/05/2021,122.382
23/05/2021,1979.928
25/05/2021,24.96
26/05/2021,388.43
26/05/2021,484.704
26/05/2021,41.37
26/05/2021,26.94
26/05/2021,63.992
26/05/2021,47.92
26/05/2021,371.976
26/05/2021,211.168
27/05/2021,3504.9
27/05/2021,5.584
27/05/2021,25.176
28/05/2021,390.272
28/05/2021,131.6
28/05/2021,558.4
28/05/2021,286.4
29/05/2021,44.76
29/05/2021,979.95
30/05/2021,801.568
30/05/2021,47.4
30/05/2021,167.84
30/05/2021,2275.5
30/05/2021,111.98
30/05/2021,223.96
30/05/2021,1979.7
30/05/2021,839.988
30/05/2021,125.99
30/05/2021,79.96
31/05/2021,191.079
31/05/2021,32.064
31/05/2021,179.7
03/06/2021,71.088
04/06/2021,136.784
04/06/2021,419.68
04/06/2021,4.044
04/06/2021,61.12
04/06/2021,11.688
04/06/2021,177.225
04/06/2021,1349.85
04/06/2021,31.984
06/06/2021,466.32
06/06/2021,82.64
06/06/2021,179.94
06/06/2021,26.96
06/06/2021,26.85
06/06/2021,323.37
06/06/2021,328.224
06/06/2021,3023.928
06/06/2021,477.6
09/06/2021,122.352
09/06/2021,692.94
09/06/2021,695.7
09/06/2021,177.48
10/06/2021,1335.68
11/06/2021,12.544
11/06/2021,902.712
11/06/2021,239.97
11/06/2021,389.97
12/06/2021,379.372
12/06/2021,6.984
12/06/2021,47.04
12/06/2021,1007.979
12/06/2021,68.04
12/06/2021,140.67
12/06/2021,19.68
13/06/2021,377.97
14/06/2021,599.165
14/06/2021,8.73
14/06/2021,1293.488
14/06/2021,337.176
14/06/2021,1115.17
14/06/2021,18.464
14/06/2021,29.29
16/06/2021,91.475
17/06/2021,239.666
17/06/2021,319.41
17/06/2021,483.136
17/06/2021,266.352
17/06/2021,376.866
17/06/2021,30
17/06/2021,566.97
20/06/2021,161.568
20/06/2021,57.69
20/06/2021,95.968
20/06/2021,45
20/06/2021,6.9
20/06/2021,21.8
21/06/2021,353.568
23/06/2021,862.344
24/06/2021,4476.8
24/06/2021,440.91
24/06/2021,38.24
25/06/2021,85.246
25/06/2021,422.058
25/06/2021,32.712
26/06/2021,22.14
26/06/2021,37.74
26/06/2021,139.96
26/06/2021,20.97
26/06/2021,13.616
26/06/2021,135.95
27/06/2021,539.658
27/06/2021,201.584
28/06/2021,121.96
28/06/2021,359.976
30/06/2021,1266.86
30/06/2021,50.12
01/07/2021,30.84
01/07/2021,1499.95
02/07/2021,528.43
02/07/2021,195.184
04/07/2021,1279.165
04/07/2021,25.4
04/07/2021,25.4
04/07/2021,177.48
04/07/2021,71.976
07/07/2021,253.372
07/07/2021,287.968
07/07/2021,215.65
07/07/2021,60.288
07/07/2021,2799.96
07/07/2021,59.994
08/07/2021,662.88
08/07/2021,107.984
08/07/2021,823.96
08/07/2021,863.64
08/07/2021,47.616
09/07/2021,408.006
09/07/2021,165.28
10/07/2021,341.991
12/07/2021,95.76
14/07/2021,579.136
14/07/2021,30.8
14/07/2021,51.75
14/07/2021,29
14/07/2021,380.864
14/07/2021,419.944
14/07/2021,110.376
15/07/2021,230.28
16/07/2021,9.552
16/07/2021,75.98
16/07/2021,143.982
16/07/2021,494.376
17/07/2021,12.42
17/07/2021,24.75
17/07/2021,428.4
17/07/2021,20.784
17/07/2021,597
18/07/2021,140.81
18/07/2021,854.352
18/07/2021,544.008
18/07/2021,15.576
18/07/2021,55.992
19/07/2021,504.9
19/07/2021,185.58
19/07/2021,389.97
19/07/2021,35.984
20/07/2021,89.95
21/07/2021,363.92
22/07/2021,27.42
22/07/2021,11.648
22/07/2021,109.95
23/07/2021,265.475
23/07/2021,115.136
24/07/2021,253.764
25/07/2021,241.568
25/07/2021,403.56
25/07/2021,69.3
25/07/2021,95.2
25/07/2021,255.76
25/07/2021,2430.08
25/07/2021,124.25
25/07/2021,1439.976
25/07/2021,297.55
28/07/2021,177.45
28/07/2021,24.7
28/07/2021,302.72
31/07/2021,272.94
31/07/2021,863.128
31/07/2021,118.99
31/07/2021,635.96
01/08/2021,19.312
01/08/2021,1039.728
02/08/2021,136.464
02/08/2021,333.576
03/08/2021,167.28
04/08/2021,109.8
04/08/2021,302.384
06/08/2021,211.168
07/08/2021,179.97
08/08/2021,513.024
09/08/2021,44.784
12/08/2021,145.764
12/08/2021,209.148
12/08/2021,562.2925
12/08/2021,1399.944
13/08/2021,241.96
13/08/2021,71.98
14/08/2021,279.96
14/08/2021,105.552
14/08/2021,247.188
14/08/2021,259.896
15/08/2021,225.296
15/08/2021,312.03
15/08/2021,705.544
15/08/2021,165.6
15/08/2021,71.976
16/08/2021,161.28
18/08/2021,5.344
18/08/2021,9.552
18/08/2021,39.99
20/08/2021,14.78
21/08/2021,573.174
21/08/2021,815.292
21/08/2021,2887.056
21/08/2021,254.97
21/08/2021,31.984
21/08/2021,91.96
22/08/2021,98.328
23/08/2021,532.704
23/08/2021,22.608
23/08/2021,666.4
23/08/2021,1.98
23/08/2021,837.6
26/08/2021,1603.136
26/08/2021,1024.716
26/08/2021,186.54
26/08/2021,447.84
26/08/2021,47.984
26/08/2021,47.97
26/08/2021,249.95
26/08/2021,479.97
26/08/2021,159.984
26/08/2021,209.97
26/08/2021,33
27/08/2021,244.615
27/08/2021,59.97
28/08/2021,156.3728
28/08/2021,108.576
29/08/2021,163.88
29/08/2021,241.92
29/08/2021,95.976
29/08/2021,22
30/08/2021,786.744
30/08/2021,47.04
30/08/2021,290.898
30/08/2021,339.96
01/09/2021,191.82
01/09/2021,6.79
01/09/2021,468.9
01/09/2021,72.48
01/09/2021,23.988
01/09/2021,8.78
02/09/2021,215.976
02/09/2021,84.272
02/09/2021,94.68
02/09/2021,39.98
02/09/2021,568.728
02/09/2021,472.518
02/09/2021,159.56
02/09/2021,1012.68
02/09/2021,999.98
02/09/2021,1362.9
02/09/2021,1091.168
03/09/2021,344.94
03/09/2021,198.744
03/09/2021,14.76
03/09/2021,83.952
03/09/2021,280.782
04/09/2021,24.27
04/09/2021,42.6
04/09/2021,63.94
04/09/2021,279.95
04/09/2021,2799.96
05/09/2021,887.271
05/09/2021,71.246
05/09/2021,242.94
05/09/2021,347.802
05/09/2021,85.246
05/09/2021,12.22
05/09/2021,58.248
05/09/2021,21.204
05/09/2021,82.8
05/09/2021,1652.94
05/09/2021,116
05/09/2021,108.784
05/09/2021,278.4
05/09/2021,43.6
06/09/2021,722.352
06/09/2021,31.86
06/09/2021,329.584
08/09/2021,173.94
08/09/2021,2396.2656
08/09/2021,43.13
08/09/2021,14.136
08/09/2021,146.04
08/09/2021,601.47
08/09/2021,57.584
08/09/2021,35.168
08/09/2021,59.96
09/09/2021,15.008
10/09/2021,300.93
10/09/2021,719.96
10/09/2021,519.68
11/09/2021,3347.37
11/09/2021,1599.92
11/09/2021,224.75
11/09/2021,728.946
12/09/2021,1059.12
12/09/2021,83.136
12/09/2021,466.768
12/09/2021,15.232
12/09/2021,15.136
12/09/2021,40.48
12/09/2021,20.7
12/09/2021,146.952
13/09/2021,1336.44
13/09/2021,149.95
13/09/2021,29.97
14/09/2021,437.85
15/09/2021,1128.39
16/09/2021,273.666
16/09/2021,121.78
17/09/2021,113.888
17/09/2021,14.82
17/09/2021,191.82
17/09/2021,109.48
17/09/2021,396
17/09/2021,437.85
17/09/2021,105.584
17/09/2021,73.584
18/09/2021,801.568
18/09/2021,631.782
18/09/2021,350.98
18/09/2021,99.372
18/09/2021,885.528
18/09/2021,5.352
18/09/2021,60.72
18/09/2021,383.438
18/09/2021,239.984
19/09/2021,701.372
19/09/2021,872.32
19/09/2021,25.632
19/09/2021,249.95
20/09/2021,163.88
20/09/2021,98.392
20/09/2021,17.088
22/09/2021,68.432
22/09/2021,18.96
22/09/2021,13.28
22/09/2021,97.98
22/09/2021,63.936
22/09/2021,63.968
23/09/2021,368.97
23/09/2021,184.752
23/09/2021,532.704
23/09/2021,28
24/09/2021,563.24
24/09/2021,155.372
24/09/2021,63.2
24/09/2021,21.44
24/09/2021,127.95
25/09/2021,477.666
25/09/2021,483.136
25/09/2021,201.96
25/09/2021,68.64
25/09/2021,393.165
25/09/2021,499.95
25/09/2021,479.976
25/09/2021,44.736
26/09/2021,424.9575
26/09/2021,454.965
26/09/2021,747.558
26/09/2021,431.976
26/09/2021,100
27/09/2021,956.6648
27/09/2021,1001.584
29/09/2021,209.97
29/09/2021,36.24
29/09/2021,859.2
30/09/2021,523.92
01/10/2021,194.848
01/10/2021,41.85
01/10/2021,330.588
01/10/2021,79.512
01/10/2021,69.9
02/10/2021,17499.95
03/10/2021,599.292
03/10/2021,915.136
03/10/2021,38.08
04/10/2021,11.568
04/10/2021,239.372
04/10/2021,5399.91
04/10/2021,52.68
06/10/2021,67.96
06/10/2021,703.71
07/10/2021,837.6
08/10/2021,51.712
09/10/2021,169.568
09/10/2021,332.832
09/10/2021,23.976
10/10/2021,90.882
10/10/2021,120.784
10/10/2021,14
10/10/2021,15.992
10/10/2021,15.992
13/10/2021,24.96
13/10/2021,43.12
13/10/2021,139.92
13/10/2021,82.26
13/10/2021,727.45
13/10/2021,191.976
14/10/2021,102.592
14/10/2021,177
14/10/2021,22.704
14/10/2021,1649.75
14/10/2021,1091.93
15/10/2021,5.5
16/10/2021,142.182
17/10/2021,120.98
17/10/2021,120.666
17/10/2021,449.97
18/10/2021,307.92
19/10/2021,6.48
20/10/2021,387.136
20/10/2021,56.686
20/10/2021,61.1
20/10/2021,125.7
20/10/2021,191.98
21/10/2021,1043.92
21/10/2021,242.136
21/10/2021,45.568
21/10/2021,19.96
21/10/2021,661.176
21/10/2021,106.08
21/10/2021,98.16
21/10/2021,235.152
22/10/2021,31.4
22/10/2021,101.94
22/10/2021,39.92
23/10/2021,16.156
24/10/2021,450
24/10/2021,199.99
24/10/2021,359.98
24/10/2021,100
24/10/2021,239.976
25/10/2021,783.96
27/10/2021,427.644
27/10/2021,290.98
27/10/2021,40.2
28/10/2021,47.952
28/10/2021,77.6
28/10/2021,63.968
28/10/2021,165.048
28/10/2021,756.8
28/10/2021,302.376
29/10/2021,67
31/10/2021,492.835
31/10/2021,1403.92
31/10/2021,368.97
01/11/2021,68.112
01/11/2021,21.8
03/11/2021,217.584
03/11/2021,470.155
03/11/2021,24.1
03/11/2021,842.94
03/11/2021,82.95
03/11/2021,72
03/11/2021,179.991
04/11/2021,650.352
04/11/2021,104.784
04/11/2021,66.112
04/11/2021,50.496
04/11/2021,11.376
04/11/2021,209.88
04/11/2021,38.29
04/11/2021,876.3
04/11/2021,686.4
05/11/2021,956.6648
05/11/2021,113.888
05/11/2021,756.8
05/11/2021,273.96
05/11/2021,863.128
05/11/2021,89.97
05/11/2021,72
05/11/2021,171.96
05/11/2021,479.72
05/11/2021,23.988
06/11/2021,207.984
06/11/2021,81.424
06/11/2021,238.56
06/11/2021,35.568
07/11/2021,1603.136
07/11/2021,44.46
07/11/2021,14.82
07/11/2021,119.976
07/11/2021,479.97
07/11/2021,263.96
07/11/2021,359.97
08/11/2021,261.96
08/11/2021,731.94
09/11/2021,479.97
10/11/2021,341.96
10/11/2021,148.288
10/11/2021,467.46
10/11/2021,37.3
10/11/2021,9.98
10/11/2021,178.92
10/11/2021,279.944
10/11/2021,41.958
10/11/2021,221.98
10/11/2021,881.93
11/11/2021,245.646
11/11/2021,47.992
11/11/2021,451.152
11/11/2021,6.96
11/11/2021,41.96
11/11/2021,2678.94
11/11/2021,36
11/11/2021,95.968
11/11/2021,59.97
11/11/2021,257.98
12/11/2021,1537.074
12/11/2021,449.372
12/11/2021,1474.802
12/11/2021,22.752
12/11/2021,674.352
12/11/2021,31.984
12/11/2021,203.976
13/11/2021,30.36
13/11/2021,4.18
13/11/2021,19.54
13/11/2021,2279.96
14/11/2021,380.058
14/11/2021,408.006
14/11/2021,19.92
14/11/2021,48.576
14/11/2021,499.98
14/11/2021,1199.976
14/11/2021,89.97
14/11/2021,13.98
15/11/2021,630.024
15/11/2021,99.39
15/11/2021,361.376
17/11/2021,67.176
18/11/2021,301.96
18/11/2021,255.108
18/11/2021,595
18/11/2021,1319.96
18/11/2021,61.192
19/11/2021,2.328
19/11/2021,31.96
19/11/2021,71.96
20/11/2021,289.568
20/11/2021,86.97
20/11/2021,318.43
20/11/2021,7.068
20/11/2021,255.984
20/11/2021,27.88
20/11/2021,122.92
20/11/2021,244.768
20/11/2021,944.93
20/11/2021,151.192
21/11/2021,113.568
21/11/2021,127.554
21/11/2021,195.136
21/11/2021,77.952
21/11/2021,81.576
21/11/2021,30.345
21/11/2021,404.94
22/11/2021,39.88
22/11/2021,24.032
23/11/2021,14.368
23/11/2021,70.448
24/11/2021,339.92
24/11/2021,1684.752
24/11/2021,9.94
24/11/2021,207.76
24/11/2021,82.26
24/11/2021,559.92
24/11/2021,297.576
24/11/2021,88.4
24/11/2021,94.992
24/11/2021,659.9
24/11/2021,139.96
24/11/2021,33.52
24/11/2021,657.552
25/11/2021,194.352
25/11/2021,1568.61
25/11/2021,59.976
25/11/2021,160
25/11/2021,4499.985
25/11/2021,319.92
25/11/2021,59.98
26/11/2021,3406.664
26/11/2021,595.38
26/11/2021,313.176
26/11/2021,59.97
26/11/2021,3040
26/11/2021,494.982
27/11/2021,31.56
27/11/2021,331.023
27/11/2021,62.4
27/11/2021,34.95
27/11/2021,116.76
27/11/2021,271.992
28/11/2021,347.802
28/11/2021,182.67
28/11/2021,101.7
28/11/2021,340.182
29/11/2021,242.176
29/11/2021,58.416
30/11/2021,389.97
30/11/2021,36.192
01/12/2021,172.5
01/12/2021,248.43
01/12/2021,85.246
01/12/2021,751.92
01/12/2021,31.96
01/12/2021,17.31
01/12/2021,111.15
01/12/2021,16.74
01/12/2021,366.009
01/12/2021,137.94
01/12/2021,863.928
01/12/2021,179.97
02/12/2021,781.864
02/12/2021,14.52
02/12/2021,72.42
02/12/2021,165.6
02/12/2021,629.95
02/12/2021,58.36
02/12/2021,39.96
03/12/2021,205.666
03/12/2021,542.646
03/12/2021,29.98
03/12/2021,111.9
03/12/2021,400.032
03/12/2021,268.704
03/12/2021,581.96
03/12/2021,1649.95
04/12/2021,113.79
04/12/2021,78.15
04/12/2021,25.08
05/12/2021,81.94
05/12/2021,1951.84
05/12/2021,13.4
05/12/2021,191.82
05/12/2021,384.45
05/12/2021,699.98
05/12/2021,149.97
06/12/2021,479.984
06/12/2021,156.792
06/12/2021,249.584
06/12/2021,431.976
06/12/2021,271.96
08/12/2021,405.86
08/12/2021,680.01
08/12/2021,190.92
08/12/2021,1421.664
08/12/2021,68.112
08/12/2021,16.56
08/12/2021,249.584
08/12/2021,114.95
08/12/2021,1097.544
09/12/2021,79.974
09/12/2021,1056.86
09/12/2021,19.04
09/12/2021,59.98
09/12/2021,40.68
09/12/2021,10.9
10/12/2021,321.568
10/12/2021,1424.9
10/12/2021,44.75
10/12/2021,99.12
11/12/2021,458.43
11/12/2021,363.92
11/12/2021,403.92
11/12/2021,14.8
11/12/2021,328.59
11/12/2021,892.136
11/12/2021,119.96
11/12/2021,316
11/12/2021,119.8
11/12/2021,300.768
11/12/2021,1029.95
11/12/2021,302.376
12/12/2021,33.48
12/12/2021,383.64
12/12/2021,60.35
12/12/2021,249.95
12/12/2021,383.952
12/12/2021,657.93
13/12/2021,1114.272
13/12/2021,63.88
14/12/2021,81.424
14/12/2021,133.38
14/12/2021,396.92
15/12/2021,14.76
15/12/2021,1652.94
15/12/2021,564.195
15/12/2021,68.46
16/12/2021,563.92
16/12/2021,21.21
17/12/2021,2003.52
17/12/2021,165.6
18/12/2021,563.94
18/12/2021,18.84
18/12/2021,39.92
18/12/2021,183.84
18/12/2021,377.45
18/12/2021,112.776
18/12/2021,72.64
18/12/2021,772.47
18/12/2021,66.976
18/12/2021,28.68
19/12/2021,303.92
19/12/2021,455.97
20/12/2021,18.92
20/12/2021,66.3
22/12/2021,842.72
22/12/2021,41.96
22/12/2021,11.84
22/12/2021,22.784
22/12/2021,11.56
23/12/2021,141.372
23/12/2021,2.328
23/12/2021,572.76
23/12/2021,286.38
23/12/2021,1999.96
23/12/2021,1499.97
23/12/2021,287.88
23/12/2021,453.576
23/12/2021,131.88
24/12/2021,43.96
24/12/2021,799.56
24/12/2021,255.68
24/12/2021,197.97
25/12/2021,698.352
25/12/2021,2563.056
25/12/2021,866.646
25/12/2021,47.968
25/12/2021,21.12
25/12/2021,343.85
25/12/2021,1747.25
25/12/2021,35.445
25/12/2021,313.176
25/12/2021,254.24
25/12/2021,399.98
25/12/2021,45.12
25/12/2021,100.8
25/12/2021,269.97
25/12/2021,2575.944
26/12/2021,146.352
26/12/2021,212.94
26/12/2021,902.712
26/12/2021,89.97
26/12/2021,302.384
27/12/2021,845.488
27/12/2021,40
29/12/2021,754.45
29/12/2021,70.56
30/12/2021,170.786
31/12/2021,302.376
01/01/2022,310.744
01/01/2022,474.43
01/01/2022,141.42
01/01/2022,48.896
02/01/2022,913.43
02/01/2022,16.59
02/01/2022,695.7
07/01/2022,3059.982
08/01/2022,892.98
12/01/2022,37.68
13/01/2022,212.94
14/01/2022,18.96
14/01/2022,12.12
14/01/2022,169.064
14/01/2022,159.8
14/01/2022,67.8
14/01/2022,111.984
14/01/2022,7.92
15/01/2022,62.592
15/01/2022,47.984
16/01/2022,302.67
16/01/2022,27.92
16/01/2022,399.672
19/01/2022,887.271
19/01/2022,31.968
19/01/2022,429.6
20/01/2022,207.846
20/01/2022,359.976
20/01/2022,160.776
21/01/2022,84.98
21/01/2022,619.95
21/01/2022,179.97
21/01/2022,350.973
21/01/2022,164.99
21/01/2022,24.3
21/01/2022,9.48
21/01/2022,31.4
21/01/2022,209.5
22/01/2022,2999.95
23/01/2022,210.98
23/01/2022,95.984
23/01/2022,86.352
24/01/2022,110.352
26/01/2022,62.72
26/01/2022,2939.93
27/01/2022,71.976
27/01/2022,137.94
27/01/2022,107.982
28/01/2022,37.74
28/01/2022,239.97
28/01/2022,449.91
29/01/2022,14.91
30/01/2022,120.784
30/01/2022,419.136
30/01/2022,34.58
30/01/2022,69.375
30/01/2022,604.768
30/01/2022,2003.168
30/01/2022,207
02/02/2022,210.58
02/02/2022,86.26
02/02/2022,239.984
02/02/2022,59.97
03/02/2022,22.2
05/02/2022,371.2
06/02/2022,240.784
06/02/2022,359.97
06/02/2022,227.46
09/02/2022,3.984
09/02/2022,21.12
09/02/2022,127.984
10/02/2022,203.983
11/02/2022,963.136
11/02/2022,147.568
11/02/2022,88.776
13/02/2022,107.53
13/02/2022,799.96
16/02/2022,600.558
16/02/2022,7.692
16/02/2022,14.99
17/02/2022,89.0664
17/02/2022,899.43
17/02/2022,30.144
17/02/2022,455.97
17/02/2022,480.96
17/02/2022,438.336
17/02/2022,57.594
17/02/2022,124.792
17/02/2022,29.16
18/02/2022,109.53
18/02/2022,167.976
19/02/2022,44.67
20/02/2022,68.704
20/02/2022,22.23
20/02/2022,386.91
20/02/2022,31.992
20/02/2022,215.968
20/02/2022,333.576
21/02/2022,47.904
23/02/2022,71.96
24/02/2022,1319.8
25/02/2022,231.92
25/02/2022,196.784
26/02/2022,892.224
26/02/2022,91.96
26/02/2022,258.576
26/02/2022,889.536
02/03/2022,441.96
02/03/2022,479.94
02/03/2022,196.776
03/03/2022,180.98
03/03/2022,170.352
03/03/2022,399.672
03/03/2022,1049.44
03/03/2022,99.98
04/03/2022,103.5
05/03/2022,299.97
06/03/2022,71.97
06/03/2022,206.384
07/03/2022,49.08
09/03/2022,199.98
09/03/2022,479.984
10/03/2022,43.872
10/03/2022,6.696
10/03/2022,933.408
10/03/2022,111.96
10/03/2022,35.91
10/03/2022,53.982
11/03/2022,26.72
11/03/2022,154.764
11/03/2022,63.88
11/03/2022,776.85
12/03/2022,69.93
13/03/2022,89.768
13/03/2022,214.95
13/03/2022,959.984
13/03/2022,209.986
13/03/2022,34.36
13/03/2022,299.9
13/03/2022,140.736
13/03/2022,7.992
13/03/2022,915.14
13/03/2022,327.76
14/03/2022,49.616
16/03/2022,51.264
16/03/2022,159.984
16/03/2022,445.44
16/03/2022,659.976
16/03/2022,44.376
16/03/2022,140.67
16/03/2022,19.68
17/03/2022,57.06
17/03/2022,71.6
17/03/2022,119.7
18/03/2022,82.524
18/03/2022,27.816
18/03/2022,537.544
19/03/2022,30.93
19/03/2022,697.16
19/03/2022,99.54
19/03/2022,199.96
19/03/2022,657.504
19/03/2022,72.294
20/03/2022,2.91
20/03/2022,265.93
20/03/2022,238
21/03/2022,1805.88
21/03/2022,22.14
23/03/2022,211.84
23/03/2022,13999.96
24/03/2022,271.764
24/03/2022,207.846
24/03/2022,26
24/03/2022,469.99
25/03/2022,90.99
25/03/2022,368.97
25/03/2022,1526.56
25/03/2022,479.984
25/03/2022,211.168
25/03/2022,470.376
26/03/2022,257.568
26/03/2022,60.84
26/03/2022,143.96
26/03/2022,53.25
26/03/2022,2399.96
26/03/2022,119.96
27/03/2022,1023.332
27/03/2022,211.246
27/03/2022,600.558
27/03/2022,15.008
27/03/2022,292.1
27/03/2022,39.992
27/03/2022,206.1
28/03/2022,26.48
28/03/2022,21.56
28/03/2022,532.72
30/03/2022,94.2
30/03/2022,164.792
31/03/2022,205.3328
31/03/2022,61
31/03/2022,29.78
31/03/2022,2999.95
31/03/2022,671.93
31/03/2022,84.95
31/03/2022,677.58
01/04/2022,482.664
01/04/2022,218.352
01/04/2022,127.95
01/04/2022,4799.984
01/04/2022,23.976
02/04/2022,25.11
02/04/2022,411.8
02/04/2022,360
03/04/2022,25.472
04/04/2022,119.02
04/04/2022,41.22
04/04/2022,383.84
07/04/2022,258.072
07/04/2022,233.86
07/04/2022,620.6145
07/04/2022,617.976
07/04/2022,219.184
08/04/2022,56.28
08/04/2022,306.9
08/04/2022,273.96
10/04/2022,12.32
10/04/2022,36.672
10/04/2022,95.736
10/04/2022,99.99
11/04/2022,199.95
11/04/2022,27.12
13/04/2022,436.704
14/04/2022,198.272
14/04/2022,242.352
14/04/2022,74.45
15/04/2022,196.45
16/04/2022,102.833
16/04/2022,25.98
17/04/2022,218.352
17/04/2022,60.312
17/04/2022,274.89
17/04/2022,2549.985
17/04/2022,257.5
20/04/2022,317.058
20/04/2022,51.968
20/04/2022,14.56
20/04/2022,44.4
20/04/2022,42.408
20/04/2022,122.382
21/04/2022,908.82
21/04/2022,162.6
21/04/2022,11.54
21/04/2022,47.976
22/04/2022,18.28
22/04/2022,254.352
23/04/2022,387.136
23/04/2022,77.952
23/04/2022,11.664
23/04/2022,66.36
23/04/2022,24.14
23/04/2022,45.408
23/04/2022,155.34
24/04/2022,69.98
24/04/2022,552
25/04/2022,344.981
25/04/2022,107.97
26/04/2022,1.988
27/04/2022,220.2656
27/04/2022,139.58
28/04/2022,751.984
29/04/2022,1048.35
30/04/2022,64.96
30/04/2022,220.704
30/04/2022,23.68
30/04/2022,2.376
30/04/2022,677.58
01/05/2022,314.352
01/05/2022,2803.92
01/05/2022,933.262
01/05/2022,48.9
02/05/2022,129.93
02/05/2022,159.56
03/05/2022,32.448
03/05/2022,373.47
30/07/2022,89.95
31/07/2022,36.96
31/07/2022,41.424
31/07/2022,285.576
31/07/2022,36.792
01/08/2022,1439.982
01/08/2022,271.96
01/08/2022,95.984
03/08/2022,183.372
03/08/2022,123.96
03/08/2022,39.816
05/08/2022,79.78
06/08/2022,145.74
06/08/2022,15.4
06/08/2022,824.95
07/08/2022,207.184
07/08/2022,51.75
07/08/2022,119.448
07/08/2022,63.96
07/08/2022,79.992
07/08/2022,55.76
07/08/2022,159.96
07/08/2022,707.88
10/08/2022,121.3
10/08/2022,1454.49
11/08/2022,153.584
12/08/2022,1779.9
12/08/2022,54.92
12/08/2022,174.95
12/08/2022,299.99
12/08/2022,242.624
13/08/2022,423.648
13/08/2022,31.984
13/08/2022,1.584
14/08/2022,418.296
17/08/2022,74.592
17/08/2022,4416.174
17/08/2022,462.564
17/08/2022,16.784
17/08/2022,98.16
17/08/2022,71.976
18/08/2022,9.94
18/08/2022,88.02
18/08/2022,65.94
18/08/2022,40.48
18/08/2022,843.9
18/08/2022,1496.16
18/08/2022,23.18
18/08/2022,37.91
20/08/2022,107.88
20/08/2022,35.96
21/08/2022,866.4
21/08/2022,388.704
21/08/2022,129.92
21/08/2022,22.752
21/08/2022,25.16
21/08/2022,91.92
21/08/2022,568.728
21/08/2022,33.18
21/08/2022,431.968
22/08/2022,210.008
22/08/2022,314.532
23/08/2022,2.784
23/08/2022,4367.896
25/08/2022,130.98
26/08/2022,64.96
26/08/2022,71.98
27/08/2022,230.28
27/08/2022,198.46
27/08/2022,120.576
27/08/2022,1488.424
27/08/2022,1119.888
27/08/2022,879.984
27/08/2022,347.97
28/08/2022,1137.75
28/08/2022,35.168
29/08/2022,148.02
31/08/2022,569.568
31/08/2022,659.9
31/08/2022,689.408
01/09/2022,498.26
01/09/2022,114.9
01/09/2022,283.56
01/09/2022,19.99
02/09/2022,215.976
02/09/2022,1282.41
02/09/2022,11.54
02/09/2022,15.072
02/09/2022,511.5
02/09/2022,254.526
02/09/2022,236.528
02/09/2022,167.97
02/09/2022,238
02/09/2022,40.68
02/09/2022,1928.78
02/09/2022,1199.8
02/09/2022,201.584
02/09/2022,197.97
03/09/2022,239.666
03/09/2022,90.801
03/09/2022,181.764
03/09/2022,108.4
03/09/2022,284.97
03/09/2022,100.8
04/09/2022,825.174
04/09/2022,97.184
04/09/2022,1322.352
04/09/2022,1478.272
04/09/2022,91.96
04/09/2022,19.04
04/09/2022,5.56
04/09/2022,43.176
05/09/2022,89.568
07/09/2022,161.568
07/09/2022,47.94
07/09/2022,25.16
07/09/2022,19.76
07/09/2022,135.3
07/09/2022,80.96
07/09/2022,13.48
07/09/2022,113.52
07/09/2022,279.944
07/09/2022,455.712
07/09/2022,126.56
08/09/2022,213.43
08/09/2022,21.184
08/09/2022,765.625
08/09/2022,9.096
08/09/2022,85.2
08/09/2022,116.832
08/09/2022,319.984
08/09/2022,158.376
08/09/2022,258.528
09/09/2022,243.92
09/09/2022,141.372
09/09/2022,14.136
09/09/2022,66.112
09/09/2022,17.024
09/09/2022,159.96
09/09/2022,258.696
09/09/2022,95.88
09/09/2022,1931.958
10/09/2022,362.352
10/09/2022,112.8
10/09/2022,296.85
10/09/2022,37.056
10/09/2022,259.896
10/09/2022,147.168
11/09/2022,2054.272
11/09/2022,177.568
11/09/2022,32.36
11/09/2022,34.504
11/09/2022,512.19
11/09/2022,79.96
11/09/2022,143.952
12/09/2022,8.36
14/09/2022,113.372
14/09/2022,589.41
14/09/2022,127.936
14/09/2022,895.944
14/09/2022,241.17
14/09/2022,12.585
14/09/2022,1079.85
15/09/2022,782.94
15/09/2022,218.352
15/09/2022,184.752
15/09/2022,512.96
15/09/2022,35.56
15/09/2022,529.9
15/09/2022,47.4
15/09/2022,300.904
15/09/2022,59.98
15/09/2022,39.99
15/09/2022,369.544
15/09/2022,395.94
15/09/2022,323.976
16/09/2022,22.512
16/09/2022,71.976
16/09/2022,18
16/09/2022,47.984
16/09/2022,55.992
17/09/2022,1292.94
17/09/2022,723.92
17/09/2022,318.43
17/09/2022,89.97
17/09/2022,480
17/09/2022,1415.76
18/09/2022,9.82
18/09/2022,20.32
18/09/2022,101.34
18/09/2022,95.68
18/09/2022,411.98
19/09/2022,72.588
19/09/2022,409.216
19/09/2022,149.95
19/09/2022,89.584
19/09/2022,191.976
19/09/2022,471.92
20/09/2022,2254.41
20/09/2022,80.991
20/09/2022,272.646
20/09/2022,2888.127
20/09/2022,72.64
20/09/2022,59.97
20/09/2022,212.8
20/09/2022,104.85
20/09/2022,1299.66
21/09/2022,71.98
21/09/2022,79.98
22/09/2022,241.96
22/09/2022,12.07
22/09/2022,1071
22/09/2022,79.984
22/09/2022,98.16
22/09/2022,34.95
22/09/2022,86.97
22/09/2022,391.98
22/09/2022,68.43
23/09/2022,180.588
23/09/2022,594.816
23/09/2022,29.328
23/09/2022,199.95
23/09/2022,47.984
23/09/2022,291.96
23/09/2022,39.984
24/09/2022,603.92
24/09/2022,520.464
24/09/2022,103.056
24/09/2022,199.8
24/09/2022,655.9
24/09/2022,72
24/09/2022,17.88
24/09/2022,506.28
24/09/2022,383.96
24/09/2022,391.98
24/09/2022,859.2
24/09/2022,437.85
24/09/2022,1169.694
24/09/2022,89.9
24/09/2022,40.29
24/09/2022,38.71
25/09/2022,488.646
25/09/2022,269.97
25/09/2022,47.12
25/09/2022,119.96
26/09/2022,419.136
26/09/2022,9.24
28/09/2022,9.24
28/09/2022,32.776
28/09/2022,54.384
29/09/2022,72.784
29/09/2022,63.686
29/09/2022,21.248
29/09/2022,51.75
29/09/2022,344.22
29/09/2022,239.976
29/09/2022,336.51
30/09/2022,159.98
01/10/2022,108.608
01/10/2022,451.152
01/10/2022,104.75
01/10/2022,1704.89
02/10/2022,217.764
02/10/2022,17.46
02/10/2022,11.808
02/10/2022,10.16
02/10/2022,157.74
02/10/2022,19.76
02/10/2022,9.656
02/10/2022,2314.116
02/10/2022,369.16
02/10/2022,65.99
02/10/2022,84.784
03/10/2022,83.92
03/10/2022,171.288
03/10/2022,371.97
04/10/2022,19.98
05/10/2022,435.168
05/10/2022,221.382
05/10/2022,72.9
05/10/2022,206.352
05/10/2022,63.824
05/10/2022,5199.96
05/10/2022,7.992
05/10/2022,87.8
05/10/2022,160.93
05/10/2022,221.382
05/10/2022,39.92
05/10/2022,61.96
05/10/2022,19.936
06/10/2022,41.96
06/10/2022,319.96
07/10/2022,307.666
07/10/2022,154.764
07/10/2022,1115.91
07/10/2022,79.92
07/10/2022,128.744
07/10/2022,222.384
08/10/2022,145.764
08/10/2022,36
08/10/2022,239.96
08/10/2022,103.192
09/10/2022,314.352
09/10/2022,254.058
09/10/2022,45.888
09/10/2022,66.645
09/10/2022,652.45
10/10/2022,239.358
10/10/2022,14
12/10/2022,2154.9
12/10/2022,254.604
12/10/2022,40.48
12/10/2022,673.344
12/10/2022,39.984
12/10/2022,435.84
12/10/2022,45
12/10/2022,595
12/10/2022,791.88
12/10/2022,0.99
12/10/2022,369.544
13/10/2022,10.476
13/10/2022,1504.52
13/10/2022,209.94
13/10/2022,31.984
14/10/2022,9.46
14/10/2022,46.36
15/10/2022,22.72
15/10/2022,510.24
16/10/2022,547.3
16/10/2022,1875.258
16/10/2022,18.528
16/10/2022,599.985
17/10/2022,52.792
19/10/2022,328.3992
19/10/2022,30.56
19/10/2022,56.56
19/10/2022,91.275
19/10/2022,24.368
19/10/2022,309.576
19/10/2022,16.68
19/10/2022,24.368
19/10/2022,19.44
20/10/2022,43.936
20/10/2022,284.364
20/10/2022,15.984
21/10/2022,478.48
21/10/2022,683.952
21/10/2022,45.696
21/10/2022,262.11
21/10/2022,28.4
21/10/2022,1439.92
21/10/2022,329.988
22/10/2022,579.136
22/10/2022,177.225
22/10/2022,248.98
22/10/2022,11199.968
22/10/2022,2399.6
22/10/2022,52.99
22/10/2022,32.7
23/10/2022,210.68
23/10/2022,69.08
23/10/2022,35
23/10/2022,240.744
23/10/2022,637.896
23/10/2022,55.2
23/10/2022,35.88
23/10/2022,823.96
23/10/2022,863.88
24/10/2022,517.405
26/10/2022,356.85
26/10/2022,19.99
26/10/2022,61.542
26/10/2022,118.65
27/10/2022,556.665
27/10/2022,189.576
27/10/2022,27.184
27/10/2022,95.84
27/10/2022,71.96
28/10/2022,77.952
28/10/2022,24
28/10/2022,26.176
30/10/2022,199.98
30/10/2022,33.94
30/10/2022,71.992
30/10/2022,97.568
30/10/2022,614.272
30/10/2022,9.64
30/10/2022,16.192
30/10/2022,7.168
30/10/2022,251.006
30/10/2022,442.4
30/10/2022,148.48
31/10/2022,508.768
01/11/2022,2665.62
02/11/2022,975.92
02/11/2022,155.372
02/11/2022,3.312
02/11/2022,25.02
02/11/2022,2249.91
02/11/2022,859.2
03/11/2022,307.136
03/11/2022,41.37
03/11/2022,15.992
03/11/2022,486.368
03/11/2022,1673.184
03/11/2022,40.776
03/11/2022,43.5
03/11/2022,199.75
03/11/2022,959.984
03/11/2022,361.376
04/11/2022,523.764
04/11/2022,95.976
04/11/2022,70.72
04/11/2022,7999.98
04/11/2022,143.928
04/11/2022,1359.96
05/11/2022,128.124
05/11/2022,101.4
05/11/2022,166.5
05/11/2022,390.75
05/11/2022,159.99
05/11/2022,99.98
05/11/2022,492.768
06/11/2022,449.568
06/11/2022,127.372
06/11/2022,8.73
06/11/2022,30.56
06/11/2022,28.272
06/11/2022,2036.86
06/11/2022,108.96
06/11/2022,16.95
07/11/2022,272.97
07/11/2022,350.352
07/11/2022,7.88
07/11/2022,59.97
07/11/2022,439.8
07/11/2022,761.544
07/11/2022,359.97
08/11/2022,274.2
09/11/2022,215.976
09/11/2022,523.392
09/11/2022,47.12
09/11/2022,96.53
09/11/2022,191.976
09/11/2022,99.99
09/11/2022,826.62
09/11/2022,499.168
10/11/2022,241.424
10/11/2022,899.136
10/11/2022,341.96
10/11/2022,239.952
10/11/2022,111.79
10/11/2022,95.994
10/11/2022,430.88
10/11/2022,201.584
11/11/2022,34.92
11/11/2022,88.92
11/11/2022,35.184
12/11/2022,113.888
12/11/2022,113.568
12/11/2022,22.848
12/11/2022,41.6
12/11/2022,18.544
12/11/2022,62.352
12/11/2022,44.784
12/11/2022,7.92
12/11/2022,671.984
12/11/2022,370.782
12/11/2022,67.992
13/11/2022,205.9992
13/11/2022,2404.704
13/11/2022,154.95
13/11/2022,82.95
13/11/2022,239.92
13/11/2022,60.864
13/11/2022,163.96
13/11/2022,652.995
13/11/2022,22
13/11/2022,43.6
13/11/2022,629.95
14/11/2022,321.568
14/11/2022,167.952
14/11/2022,119.94
15/11/2022,339.136
15/11/2022,220.064
16/11/2022,17.31
16/11/2022,12.42
16/11/2022,119.94
16/11/2022,139.92
16/11/2022,139.96
16/11/2022,899.982
16/11/2022,1919.976
16/11/2022,52.44
16/11/2022,119.94
16/11/2022,107.88
17/11/2022,327.7328
17/11/2022,187.76
17/11/2022,79.99
17/11/2022,431.16
17/11/2022,239.96
17/11/2022,10499.97
17/11/2022,206.1
18/11/2022,127.386
18/11/2022,5.82
18/11/2022,19.76
18/11/2022,132.52
18/11/2022,74.95
19/11/2022,233.058
19/11/2022,191.058
19/11/2022,305.312
19/11/2022,15.992
19/11/2022,18.7
19/11/2022,821.88
19/11/2022,79.974
19/11/2022,219.075
19/11/2022,718.116
19/11/2022,31.968
20/11/2022,183.968
20/11/2022,209.568
20/11/2022,283.92
20/11/2022,4.656
20/11/2022,27.58
20/11/2022,50.97
20/11/2022,77.6
20/11/2022,42.6
20/11/2022,2.97
20/11/2022,569.99
20/11/2022,1259.97
21/11/2022,27.42
21/11/2022,70.98
21/11/2022,1039.992
21/11/2022,55.176
21/11/2022,659.976
23/11/2022,24.048
23/11/2022,28.4
23/11/2022,6.464
23/11/2022,127.785
23/11/2022,74.112
23/11/2022,195.96
23/11/2022,27.992
23/11/2022,222.384
24/11/2022,321.568
24/11/2022,977.292
24/11/2022,364.08
24/11/2022,71.088
24/11/2022,223.58
24/11/2022,79.1
24/11/2022,89.988
25/11/2022,359.499
25/11/2022,723.92
25/11/2022,701.96
25/11/2022,853.93
25/11/2022,299.96
25/11/2022,39.96
26/11/2022,828.6
26/11/2022,126.3
26/11/2022,27.46
26/11/2022,135.3
26/11/2022,257.94
26/11/2022,38.04
26/11/2022,89.98
26/11/2022,979.95
26/11/2022,1879.96
26/11/2022,220.752
27/11/2022,18.84
27/11/2022,46.94
27/11/2022,166.16
27/11/2022,143.73
27/11/2022,57.568
28/11/2022,1007.232
28/11/2022,1049.2
28/11/2022,516.488
28/11/2022,20.9
28/11/2022,2065.32
28/11/2022,1979.89
29/11/2022,390.368
29/11/2022,101.52
30/11/2022,1079.316
30/11/2022,1242.9
30/11/2022,25.83
30/11/2022,1781.682
30/11/2022,95.976
30/11/2022,383.976
30/11/2022,546.06
30/11/2022,71.976
01/12/2022,141.96
01/12/2022,897.15
01/12/2022,317.058
01/12/2022,398.972
01/12/2022,70.68
01/12/2022,7.712
01/12/2022,629.64
01/12/2022,79.12
01/12/2022,20.37
01/12/2022,105.584
01/12/2022,62.958
01/12/2022,406.368
01/12/2022,131.98
01/12/2022,219.8
01/12/2022,470.376
02/12/2022,242.352
02/12/2022,701.96
02/12/2022,906.68
02/12/2022,1159.056
02/12/2022,508.704
02/12/2022,8.752
02/12/2022,49.616
02/12/2022,39.992
02/12/2022,2479.96
02/12/2022,151.188
02/12/2022,57.36
02/12/2022,979.95
02/12/2022,58.36
02/12/2022,39.96
03/12/2022,13.592
03/12/2022,16.192
03/12/2022,16.72
03/12/2022,23.376
03/12/2022,521.96
03/12/2022,47.992
03/12/2022,76.752
03/12/2022,102.336
03/12/2022,136.99
04/12/2022,188.552
04/12/2022,182.22
04/12/2022,239.96
04/12/2022,302.94
04/12/2022,11.352
04/12/2022,12.99
04/12/2022,54.768
04/12/2022,255.968
04/12/2022,399.95
04/12/2022,142.8
04/12/2022,649
04/12/2022,25.08
05/12/2022,58.68
05/12/2022,20.94
05/12/2022,41.96
05/12/2022,199.9
05/12/2022,205.03
05/12/2022,99.39
05/12/2022,31.176
07/12/2022,82.38
07/12/2022,52
07/12/2022,127.984
07/12/2022,374.376
08/12/2022,1336.829
08/12/2022,459.92
08/12/2022,215.544
08/12/2022,113.568
08/12/2022,128.9
08/12/2022,109.48
08/12/2022,1004.024
08/12/2022,179.95
08/12/2022,178.11
08/12/2022,1199.976
08/12/2022,83.988
09/12/2022,148.257
09/12/2022,872.94
09/12/2022,9.708
09/12/2022,896.328
09/12/2022,146.45
09/12/2022,104.88
09/12/2022,1399.98
09/12/2022,444.768
10/12/2022,87.92
10/12/2022,19.104
10/12/2022,14.76
10/12/2022,310.88
10/12/2022,1669.6
10/12/2022,599.97
10/12/2022,14.2
10/12/2022,49.08
10/12/2022,38.97
10/12/2022,95.84
10/12/2022,99.12
11/12/2022,64.784
11/12/2022,63.686
11/12/2022,520.464
11/12/2022,77.72
11/12/2022,721.875
11/12/2022,116.312
11/12/2022,39.98
11/12/2022,128.85
11/12/2022,73.568
11/12/2022,116.98
13/12/2022,287.976
13/12/2022,201.04
14/12/2022,266.352
14/12/2022,2.032
14/12/2022,56.328
14/12/2022,26.25
14/12/2022,974.988
14/12/2022,526.582
14/12/2022,227.976
14/12/2022,44.75
14/12/2022,159.8
14/12/2022,39.264
14/12/2022,1199.98
14/12/2022,52.68
14/12/2022,43.7
14/12/2022,17.28
15/12/2022,22.77
15/12/2022,196.776
15/12/2022,68.46
16/12/2022,81.568
16/12/2022,97.184
16/12/2022,18.96
16/12/2022,189.95
17/12/2022,504.9
17/12/2022,124.36
18/12/2022,119.833
18/12/2022,1141.938
18/12/2022,18.96
18/12/2022,99.95
18/12/2022,29.34
18/12/2022,119.98
19/12/2022,102.018
19/12/2022,13.36
20/12/2022,6.984
21/12/2022,15.92
21/12/2022,71
21/12/2022,281.97
22/12/2022,220.98
22/12/2022,1586.69
22/12/2022,141.96
22/12/2022,934.956
22/12/2022,182.55
22/12/2022,411.8
22/12/2022,607.52
22/12/2022,474.95
22/12/2022,84.99
22/12/2022,46.864
22/12/2022,199.95
22/12/2022,67.04
22/12/2022,629.958
23/12/2022,72.704
23/12/2022,27.46
23/12/2022,181.95
23/12/2022,494.97
24/12/2022,842.376
24/12/2022,232.88
24/12/2022,271.764
24/12/2022,37.93
24/12/2022,8.544
24/12/2022,2879.952
24/12/2022,479.97
25/12/2022,191.984
25/12/2022,304.45
25/12/2022,41.96
25/12/2022,21
25/12/2022,273.06
25/12/2022,158.928
25/12/2022,31.8
25/12/2022,120
25/12/2022,90.48
27/12/2022,164.388
28/12/2022,78.8528
28/12/2022,340.704
28/12/2022,113.372
28/12/2022,7.4
28/12/2022,2.96
28/12/2022,7.968
28/12/2022,14.85
29/12/2022,258.75
29/12/2022,1207.84
29/12/2022,393.568
29/12/2022,300.98
29/12/2022,101.12
29/12/2022,68.46
29/12/2022,302.376
29/12/2022,99.12
29/12/2022,68.46
30/12/2022,323.136
30/12/2022,90.93